nombre;otros_inv
Carmen Alegre Gil;"Garcia Raffi, Luis Miguel; Morillas Gomez, Samuel; Oltra Crespo, Sandra; Perez Penalver, Maria Jose; Rodriguez Lopez, Jesus; Sanchez Perez, Enrique Alfonso; Sapena Piera, Almanzor; Tirado Pelaez, Pedro"
Andrés Roger Arnau Notari;"Calabuig Rodriguez, Jose Manuel; Ferrer Sapena, Antonia; Ortigosa Araque, Nuria; Peset Mancebo, Maria Fernanda; Petrosyan, Luiza; Sanchez Perez, Enrique Alfonso"
Milagros Arroyo Jordá;"Alemany Martinez, Elena; Arroyo Jorda, Milagros; Arroyo Jorda, Paz; Camp Mora, Jose Sergio; Felipe Roman, Maria Josefa; Martinez Pastor, Ana; Pedraza Aguilera, Maria Carmen; Pedraza Aguilera, Tatiana"
Paz Arroyo Jordá;"Alemany Martinez, Elena; Arroyo Jorda, Milagros; Arroyo Jorda, Paz; Felipe Roman, Maria Josefa; Martinez Pastor, Ana; Pedraza Aguilera, Maria Carmen; Pedraza Aguilera, Tatiana"
Vicent Asensio López;"Ariza Remacha, Hector; Asensio Lopez, Vicente; Bonet Solves, Jose Antonio; Cobollo Gomez, Christian; Martinez Jimenez, Felix; Ortigosa Araque, Nuria; Ortiz Sotomayor, Victor Manuel; Peris Manguillot, Alfredo; Ramezanzadeh, Nasrin; Rodenas Escriba, Francisco De Asis; Vargas Moreno, Alvaro"
Minerva Báguena Ańó;"Alfonso Laguna, Carlos De; Alonso Abalos, Jose Miguel; Alvarruiz Bermejo, Fernando; Baguena Ano, M Minerva; Blanquer Espert, Ignacio; Caballer Fernandez, Miguel; Cano Hurtado, Juan Jaime; Ibanez Gonzalez, Jacinto Javier; Molto Martinez, German; Monreal Mengual, Llucia; Peinado Pinilla, Jesus; Royo Pastor, Rafael; Ruiz Martinez, Pedro Antonio; Segrelles Quilis, Jose Damian; Urchueguia Scholzel, Javier Fermin"
Carles Biviŕ Ausina;"Bivia Ausina, Carles; Bonet Solves, Jose Antonio; Conejero Casares, Jose Alberto; Felipe Roman, Maria Josefa; Fernandez De Cordoba Castella, Pedro Jose; Garcia Raffi, Luis Miguel; Gimenez Palomares, Fernando; Gomez Collado, Maria Del Carmen; Jorda Mora, Enrique; Jornet Casanova, David; Martinez Jimenez, Felix; Martinez Pastor, Ana; Moll Lopez, Santiago Emmanuel; Monserrat Delpalillo, Francisco Jose; Pedraza Aguilera, Maria Carmen; Pedraza Aguilera, Tatiana; Perez Quiles, Maria Jezabel; Peris Manguillot, Alfredo; Sanabria Codesal, Esther; Sanchez Perez, Enrique Alfonso; Sanchis Llopis, Jose Maria; Trujillo Guillen, Macarena"
José Bonet Solves;"Asensio Lopez, Vicente; Bivia Ausina, Carles; Calabuig Rodriguez, Jose Manuel; Conejero Casares, Jose Alberto; Felipe Roman, Maria Josefa; Fernandez De Cordoba Castella, Pedro Jose; Garcia Raffi, Luis Miguel; Gimenez Palomares, Fernando; Gomez Collado, Maria Del Carmen; Jorda Mora, Enrique; Jornet Casanova, David; Martinez Jimenez, Felix; Martinez Pastor, Ana; Moll Lopez, Santiago Emmanuel; Monserrat Delpalillo, Francisco Jose; Ortigosa Araque, Nuria; Ortiz Sotomayor, Victor Manuel; Pedraza Aguilera, Maria Carmen; Pedraza Aguilera, Tatiana; Perez Quiles, Maria Jezabel; Peris Manguillot, Alfredo; Sanabria Codesal, Esther; Sanchez Perez, Enrique Alfonso; Sanchis Llopis, Jose Maria; Sevilla Peris, Pablo; Trujillo Guillen, Macarena"
Jose Manuel Calabuig Rodríguez;"Arnau Notari, Andres Roger; Bonet Solves, Jose Antonio; Bravo Plana-Sala, Jose M; Calabuig Rodriguez, Jose Manuel; Calvet Sanz, Salvador; Coll Aliaga, Peregrina Eloina; Fajardo Viloria, Blanca; Ferrer Sapena, Antonia; Garcia Raffi, Luis Miguel; Gomez Collado, Maria Del Carmen; Ibanez Escriche, Noelia; Jorda Mora, Enrique; Jornet Casanova, David; Juan Blanco, Maria Aranzazu; Martinez Jimenez, Felix; Mendez Reyes, Daniel Alexander; Ortigosa Araque, Nuria; Peris Manguillot, Alfredo; Peset Mancebo, Maria Fernanda; Petrosyan, Luiza; Sanchez Del Toro, Maria Isabel; Sanchez Perez, Enrique Alfonso; Sanchez Perez, Juan Vicente; Talavera Usano, Cesar Felix; Trujillo Guillen, Macarena; Uris Martinez, Antonio"
Christian Cobollo Gómez;"Ariza Remacha, Hector; Asensio Lopez, Vicente; Bartoll Arnau, Salud; Cobollo Gomez, Christian; Lopez Martinez, Antoni; Martinez Jimenez, Felix; Peris Manguillot, Alfredo; Ramezanzadeh, Nasrin; Rodenas Escriba, Francisco De Asis; Vargas Moreno, Alvaro"
J Alberto Conejero;"Agud Albesa, Lucia; Antonino Daviu, Jose Alfonso; Asensio Cuesta, Sabina; Bartoll Arnau, Salud; Bivia Ausina, Carles; Blanes Selva, Vicent; Boada Acosta, Yadira Fernanda; Bonet Solves, Jose Antonio; Cabrera Mendez, Margarita; Calduch Losa, Maria De Los Angeles; Camacho Garcia, Andres; Carracedo Garnateo, Patricia; Carrio Pastor, M Luisa; Castells Ramon, Francisco Sales; Cebrian Ferriols, Antonio Jose; Cordero Barbero, Alicia; Cuesta Valera, Maria Salome; Diaz-Madronero Boluda, Francisco Manuel; Dura Hernandez, Marta; Escoto Gomar, Marc; Felipe Roman, Maria Josefa; Fernandez De Cordoba Castella, Pedro Jose; Garcia Gomez, Juan Miguel; Garcia Raffi, Luis Miguel; Gil-Terron Rodriguez, Francisco Javier; Gimenez Palomares, Fernando; Gomez Collado, Maria Del Carmen; Grau Martinez, Alberto; Griol Barres, Amadeu; Hervas Jorge, Antonio; Jorda Mora, Enrique; Jornet Casanova, David; Juan Perez, Angel Alejandro; Lloret Romero, Maria Nuria; Manas Carbonell, Moises; Martin Solano, Xabier Andoni; Martinez Abietar, Alejandro Jose; Martinez De Pison Ramon, M Jose; Martinez Jimenez, Felix; Martinez Pastor, Ana; Mayo Nogueira, Patricia; Millet Roig, Jose; Miro Martinez, Pau; Moll Lopez, Santiago Emmanuel; Monserrat Delpalillo, Francisco Jose; Morillas Gomez, Samuel; Mula Bru, Josefa; Ortiz Fernandez, Raul; Pastor Gimeno, Jose Ismael; Pedraza Aguilera, Maria Carmen; Pedraza Aguilera, Tatiana; Peidro Paya, David; Perez Bernabeu, Elena; Perez Quiles, Maria Jezabel; Perinan Pascual, Jose Carlos; Peris Manguillot, Alfredo; Pico Sirvent, Maria Belen; Pineda Sanchez, Manuel; Poler Escoto, Raul; Pons Llinares, Joan; Poza Lujan, Jose Luis; Puche Panadero, Ruben; Rangil Gallardo, Miguel; Redolat Querol, Javier Abilio; Riera Guasp, Martin Victor; Rodenas Escriba, Francisco De Asis; Royo Pastor, Rafael; Saez Silvestre, Carlos; Sanabria Codesal, Esther; Sanchez Garcia, Angel; Sanchez Perez, Enrique Alfonso; Sanchis Llopis, Jose Maria; Saz Rubio, Maria Milagros Del; Sevilla Peris, Pablo; Soriano Gonzalez, Raquel; Tormo Carbo, Guillermina; Torre Martinez, Maria Rocio De La; Trujillo Guillen, Macarena; Vignoni, Alejandro"
María José Felipe Román;"Alemany Martinez, Elena; Arroyo Jorda, Milagros; Arroyo Jorda, Paz; Balaguer Beser, Angel Antonio; Bivia Ausina, Carles; Bonet Solves, Jose Antonio; Conejero Casares, Jose Alberto; Felipe Roman, Maria Josefa; Fernandez De Cordoba Castella, Pedro Jose; Fernandez Sarria, Alfonso; Garcia Manrique, Juan Antonio; Garcia Raffi, Luis Miguel; Gascon Martinez, Maria Llanos; Gilabert Manzanares, Iris; Gimenez Palomares, Fernando; Gomez Collado, Maria Del Carmen; Jorda Mora, Enrique; Jornet Casanova, David; Martinez Jimenez, Felix; Martinez Pastor, Ana; Moll Lopez, Santiago Emmanuel; Monreal Mengual, Llucia; Monserrat Delpalillo, Francisco Jose; Ortiz Sotomayor, Victor Manuel; Palomar Vazquez, Jesus Manuel; Pardo Pascual, Josep Eliseu; Pedraza Aguilera, Maria Carmen; Pedraza Aguilera, Tatiana; Perez Quiles, Maria Jezabel; Peris Manguillot, Alfredo; Porres De La Haza, Maria Joaquina; Recio Recio, Jorge Abel; Ribes Greus, Maria Desamparados; Ruiz Fernandez, Luis Angel; Sanabria Codesal, Esther; Sanchez Perez, Enrique Alfonso; Sanchis Llopis, Jose Maria; Trujillo Guillen, Macarena"
Pedro José Fernández de Córdoba Castellá;"Alvarez Sanchez, Diego; Andres Romano, Carlos; Asensio Cuesta, Sabina; Badenes Badenes, Borja; Bivia Ausina, Carles; Bonet Solves, Jose Antonio; Boni Aristizabal, Alejandra; Boria Esbert, Vicente Enrique; Buchon Moragues, Fernando Francisco; Calabuig Tormo, Carola; Castro Palacio, Juan Carlos; Conejero Casares, Jose Alberto; Cruz Alcazar, Pedro Pablo; Cuenca Gotor, Vanesa Paula; Diez Ruano, Jose Luis; Felipe Roman, Maria Josefa; Fernandez De Cordoba Castella, Pedro Jose; Fernandez-Baldor Martinez, Alvaro; Ferrando Martin, Vicente; Ferrer Sapena, Antonia; Fuente Herraiz, David; Garcia Gomez, Juan Miguel; Garcia Raffi, Luis Miguel; Garcia Segovia, Purificacion; Garmendia Martinez, Adrian; Gavasso, Sebastiano; Gimenez Palomares, Fernando; Gimenez Valentin, Marcos Herminio; Gomez Collado, Maria Del Carmen; Gomez Hernandez, Jose Jaime; Gonzalvez Macia, Jose; Guerra Carmenate, Jose; Hernandez Fenollosa, Maria De Los Angeles; Hernandez Franco, Carlos Alberto; Hoyas Calvo, Sergio; Iglesias Martinez, Miguel Enrique; Isidro San Juan, Jose Maria; Jorda Mora, Enrique; Jornet Casanova, David; Martinez Iranzo, Miguel Andres; Martinez Jimenez, Felix; Martinez Pastor, Ana; Moll Lopez, Santiago Emmanuel; Monreal Mengual, Llucia; Monserrat Delpalillo, Francisco Jose; Monsoriu Serra, Juan Antonio; Montagud Montalva, Carla Isabel; Montero Reguera, Alvaro Enrique; Morillas Gomez, Samuel; Munoz Roca, Maria Del Carmen; Navarro Peris, Emilio; Ortigosa Araque, Nuria; Pedraza Aguilera, Maria Carmen; Pedraza Aguilera, Tatiana; Peiro Lopez, Juan Bautista; Perez Gomez, Antonio; Perez Quiles, Maria Jezabel; Peris Manguillot, Alfredo; Peset Mancebo, Maria Fernanda; Poza Lujan, Jose Luis; Reig Fabado, Antonio; Rhomrassi Amhar, Lamyae; Ricolfe Viala, Carlos; Royo Pastor, Rafael; Saez Silvestre, Carlos; Saiz Mauleon, Maria Begona; Salcedo Romero De Avila, Jose Vicente; Salinas Marin, Isabel; Sanabria Codesal, Esther; Sanchez Perez, Enrique Alfonso; Sanchez Salmeron, Antonio Jose; Sanchis Llopis, Jose Maria; Sanchis Saez, Javier; Sans Tresserras, Juan Angel; Seiz Ortiz, Rafael; Trujillo Guillen, Macarena; Urchueguia Scholzel, Javier Fermin; Valera Fernandez, Angel; Valles Miquel, Marina; Verdu Martin, Gumersindo Jesus; Villar Villanueva, Francisco Jose"
Antonia Ferrer Sapena;"Aliaga Morell, Joan Ignasi; Arnau Notari, Andres Roger; Boni Aristizabal, Alejandra; Calabuig Rodriguez, Jose Manuel; Calabuig Tormo, Carola; Canet Centellas, Fernando Javier; Clemente Marco, Jose Luis; Coll Aliaga, Peregrina Eloina; Fernandez De Cordoba Castella, Pedro Jose; Fernandez-Baldor Martinez, Alvaro; Garcia Garcia, Fernando; Iglesias Martinez, Miguel Enrique; Lledo Silla, Mario; Lloret Romero, Maria Nuria; Munoz Garcia, Adolfo; Ontalba Ruiperez, Jose Antonio; Orduna Malea, Enrique; Ortigosa Araque, Nuria; Perez Lopez, Hector Julio; Peset Mancebo, Maria Fernanda; Petrosyan, Luiza; Sanchez Del Toro, Maria Isabel; Sanchez Perez, Enrique Alfonso; Sanchez Perez, Juan Vicente; Segui Mas, Elies; Tolosa Robledo, Luisa Maria; Tormo Carbo, Guillermina"
Lluís Miquel Garcia Raffi;"Agud Albesa, Lucia; Alegre Gil, Maria Carmen; Almerich Chulia, Ana Isabel; Bivia Ausina, Carles; Bonet Solves, Jose Antonio; Bravo Plana-Sala, Jose M; Calabuig Rodriguez, Jose Manuel; Camarena Femenia, Francisco; Castineira Ibanez, Sergio; Cervera Moreno, Francisco Salvador; Conejero Casares, Jose Alberto; Felipe Roman, Maria Josefa; Fernandez De Cordoba Castella, Pedro Jose; Gimenez Palomares, Fernando; Gomez Collado, Maria Del Carmen; Jorda Mora, Enrique; Jornet Casanova, David; Lazaro Navarro, Mario; Martinez Jimenez, Felix; Martinez Pastor, Ana; Moll Lopez, Santiago Emmanuel; Monserrat Delpalillo, Francisco Jose; Museros Romero, Pedro; Oltra Crespo, Sandra; Pedraza Aguilera, Maria Carmen; Pedraza Aguilera, Tatiana; Perez Penalver, Maria Jose; Perez Quiles, Maria Jezabel; Peris Manguillot, Alfredo; Pi Martin, Irene; Pico Vila, Ruben; Rodriguez Lopez, Jesus; Romero Garcia, Vicente; Rubio Michavila, Constanza; Sanabria Codesal, Esther; Sanchez Morcillo, Victor Jose; Sanchez Perez, Enrique Alfonso; Sanchez Perez, Juan Vicente; Sanchez-Dehesa Moreno-Cid, Jose; Sanchis Llopis, Jose Maria; Tarrazo Serrano, Daniel; Trujillo Guillen, Macarena; Uris Martinez, Antonio"
Antonio José Guirao Sánchez;"Aliaga Varea, Ramon Jose; Guirao Sanchez, Antonio Jose; Sevilla Peris, Pablo"
Sergio Hoyas Calvo;"Alfonso Laguna, Carlos De; Bermudez Tamarit, Vicente Remigio; Bracho Leon, Gabriela; Caballer Fernandez, Miguel; Desantes Fernandez, Jose M; Fernandez De Cordoba Castella, Pedro Jose; Garcia Martinez, Antonio; Garcia Oliver, Jose Maria; Gavasso, Sebastiano; Gil Megias, Antonio; Isidro San Juan, Jose Maria; Lopez Sanchez, Jose Javier; Novella Rosa, Ricardo; Pastor Enguidanos, Jose Manuel; Pastor Soriano, Jose Vicente; Payri Marin, Raul; Perez Quiles, Maria Jezabel; Rhomrassi Amhar, Lamyae; Salvador Rubio, Francisco Javier; Tomas Dominguez, Andres Enrique"
José María Isidro San Juan;"Badenes Badenes, Borja; Fernandez De Cordoba Castella, Pedro Jose; Fuente Herraiz, David; Gavasso, Sebastiano; Hoyas Calvo, Sergio; Milian Enrique, Carles; Montero Reguera, Alvaro Enrique; Navarro Herrero, Jose Luis; Ortigosa Araque, Nuria; Perez Quiles, Maria Jezabel; Pico Marco, Jesus Andres; Reig Fabado, Antonio; Rhomrassi Amhar, Lamyae; Salcedo Romero De Avila, Jose Vicente; Urchueguia Scholzel, Javier Fermin; Vignoni, Alejandro"
Enrique Jordá Mora;"Asensio Cuesta, Sabina; Bivia Ausina, Carles; Bonet Solves, Jose Antonio; Calabuig Rodriguez, Jose Manuel; Conejero Casares, Jose Alberto; Felipe Roman, Maria Josefa; Fernandez De Cordoba Castella, Pedro Jose; Garcia Gomez, Juan Miguel; Garcia Raffi, Luis Miguel; Gimenez Palomares, Fernando; Gomez Collado, Maria Del Carmen; Jorda Mora, Enrique; Jornet Casanova, David; Martinez Jimenez, Felix; Martinez Pastor, Ana; Moll Lopez, Santiago Emmanuel; Monserrat Delpalillo, Francisco Jose; Morillas Gomez, Samuel; Ortigosa Araque, Nuria; Pedraza Aguilera, Maria Carmen; Pedraza Aguilera, Tatiana; Perez Quiles, Maria Jezabel; Peris Manguillot, Alfredo; Saez Silvestre, Carlos; Sanabria Codesal, Esther; Sanchez Perez, Enrique Alfonso; Sanchis Llopis, Jose Maria; Sevilla Peris, Pablo; Trujillo Guillen, Macarena"
David Jornet Casanova;"Bivia Ausina, Carles; Bonet Solves, Jose Antonio; Calabuig Rodriguez, Jose Manuel; Conejero Casares, Jose Alberto; Felipe Roman, Maria Josefa; Fernandez De Cordoba Castella, Pedro Jose; Garcia Raffi, Luis Miguel; Gimenez Palomares, Fernando; Gomez Collado, Maria Del Carmen; Jorda Mora, Enrique; Martinez Jimenez, Felix; Martinez Pastor, Ana; Moll Lopez, Santiago Emmanuel; Monserrat Delpalillo, Francisco Jose; Ortigosa Araque, Nuria; Pedraza Aguilera, Maria Carmen; Pedraza Aguilera, Tatiana; Perez Quiles, Maria Jezabel; Peris Manguillot, Alfredo; Sanabria Codesal, Esther; Sanchez Perez, Enrique Alfonso; Sanchis Llopis, Jose Maria; Sevilla Peris, Pablo; Trujillo Guillen, Macarena"
Mario Lázaro Navarro;"Aguero Ramon Llin, Antonio; Aliaga Varea, Ramon Jose; Cerda Boluda, Joaquin; Cervera Moreno, Francisco Salvador; Esteve Bosch, Raul; Gadea Girones, Rafael; Garcia Raffi, Luis Miguel; Herrero Bosch, Vicente; Lazaro Fernandez, Carlos Manuel; Lazaro Navarro, Mario; Martin Concepcion, Pedro Efren; Martinez Perez, Jorge Daniel; Monleon Cremades, Salvador; Monzo Ferrer, Jose Maria; Mora Mas, Francisco Jose; Romero Garcia, Vicente; Sanchez Perez, Enrique Alfonso"
Antoni López Martínez;"Bartoll Arnau, Salud; Cobollo Gomez, Christian; Lopez Martinez, Antoni; Martinez Jimenez, Felix; Peris Manguillot, Alfredo; Rodenas Escriba, Francisco De Asis"
Félix Martínez Jiménez;"Agud Albesa, Lucia; Antonino Daviu, Jose Alfonso; Ariza Remacha, Hector; Asensio Lopez, Vicente; Bartoll Arnau, Salud; Bivia Ausina, Carles; Bonastre Pina, Alberto Miguel; Bonet Solves, Jose Antonio; Calabuig Rodriguez, Jose Manuel; Cano Cabanero, Andrea; Cobollo Gomez, Christian; Conejero Casares, Jose Alberto; Cordero Barbero, Alicia; Felipe Roman, Maria Josefa; Fernandez De Cordoba Castella, Pedro Jose; Garcia Breijo, Eduardo; Garcia Raffi, Luis Miguel; Gimenez Palomares, Fernando; Gomez Collado, Maria Del Carmen; Guillem Sanchez, Maria Salud; Hernandez Romero, Ismael; Jorda Mora, Enrique; Jornet Casanova, David; Lidon Roger, Jose Vicente; Lopez Martinez, Antoni; Martinez Alzamora, Maria Nieves; Martinez Jimenez, Felix; Martinez Pastor, Ana; Martinez Perez, Marta; Mayo Nogueira, Patricia; Moll Lopez, Santiago Emmanuel; Monserrat Delpalillo, Francisco Jose; Moreno Lopez, Raul; Ortigosa Araque, Nuria; Ortiz Sotomayor, Victor Manuel; Pedraza Aguilera, Maria Carmen; Pedraza Aguilera, Tatiana; Perez Quiles, Maria Jezabel; Peris Manguillot, Alfredo; Pineda Sanchez, Manuel; Pons Llinares, Joan; Puche Panadero, Ruben; Ramezanzadeh, Nasrin; Riera Guasp, Martin Victor; Rodenas Escriba, Francisco De Asis; Royo Pastor, Rafael; Sanabria Codesal, Esther; Sanchez Perez, Enrique Alfonso; Sanchis Llopis, Jose Maria; Trujillo Guillen, Macarena; Vargas Moreno, Alvaro"
Ana Martínez Pastor;"Alemany Martinez, Elena; Arroyo Jorda, Milagros; Arroyo Jorda, Paz; Bivia Ausina, Carles; Bonet Solves, Jose Antonio; Camp Mora, Jose Sergio; Campos Frances, Marcelino; Conejero Casares, Jose Alberto; Felipe Roman, Maria Josefa; Fernandez De Cordoba Castella, Pedro Jose; Garcia Raffi, Luis Miguel; Gilabert Manzanares, Iris; Gimenez Palomares, Fernando; Gomez Collado, Maria Del Carmen; Jorda Mora, Enrique; Jornet Casanova, David; Martinez Jimenez, Felix; Martinez Pastor, Ana; Moll Lopez, Santiago Emmanuel; Monserrat Delpalillo, Francisco Jose; Ortiz Sotomayor, Victor Manuel; Pedraza Aguilera, Maria Carmen; Pedraza Aguilera, Tatiana; Perez Quiles, Maria Jezabel; Peris Manguillot, Alfredo; Sanabria Codesal, Esther; Sanchez Perez, Enrique Alfonso; Sanchis Llopis, Jose Maria; Trujillo Guillen, Macarena; Vazquez-De-Parga Andrade, Manuel"
María José Martínez Usó;"Alcober Auban, Juan Antonio; Martinez Uso, Maria Jose"
Carlos Mas Arabi;"Mercade Morales, Laura; Rodriguez Diez, Iago"
Carles Milián Enrique;"Grau Martinez, Alberto; Griol Barres, Amadeu; Isidro San Juan, Jose Maria; Martinez Abietar, Alejandro Jose; Milian Enrique, Carles; Ortiz Fernandez, Raul; Perez Quiles, Maria Jezabel; Sanchis Kilders, Pablo; Urchueguia Scholzel, Javier Fermin"
Samuel Morillas Gómez;"Albiol Colomer, Alberto; Alegre Gil, Maria Carmen; Amor Del Amor, Maria Rocio Del; Asensio Cuesta, Sabina; Bondia Company, Jorge; Brusola Simon, Fernando; Camarena Femenia, Francisco; Camp Mora, Jose Sergio; Castells Ramon, Francisco Sales; Castro Toledo, Maria Dolores; Conejero Casares, Jose Alberto; Defez Garcia, Beatriz; Dunai, Larisa; Fernandez De Cordoba Castella, Pedro Jose; Garcia Gomez, Juan Miguel; Garcia-Nieto Rodriguez, Sergio; Gascon Martinez, Marina; Gimenez Lopez, Jose Luis; Golfe San Martin, Alejandro; Gonzalez Del Rio Cogorno, Jimena; Gonzalez Garcia, Joaquin; Igual Garcia, Jorge; Iribarren Navarro, Cesar; Jorda Mora, Enrique; Jordan Lluch, Cristina; Llopis Albert, Carlos; Magal Royo, Teresa; Minana, Juan-Jose; Morillas Gomez, Samuel; Naranjo Ornedo, Valeriana; Ortigosa Araque, Nuria; Payri Lambert, Blas Gaston; Perez Garcia De La Puente, Natalia Lourdes; Perez Penalver, Maria Jose; Peris Fajarnes, Guillermo; Pico Marco, Jesus Andres; Redondo Pastor, Francisco Javier; Rodriguez Alvarez, Maria Jose; Rodriguez Lopez, Jesus; Roig Sala, Bernardino; Rubio Sanvalero, Carlos Miguel; Saez Silvestre, Carlos; Sala Piqueras, Antonio; Sanchez Salmeron, Antonio Jose; Santiago Praderas, Victor Manuel; Sapena Piera, Almanzor; Tirado Pelaez, Pedro; Tortajada Montanana, Ignacio"
Nuria Ortigosa Araque;"Albiol Colomer, Alberto; Arnau Notari, Andres Roger; Asensio Lopez, Vicente; Bonet Solves, Jose Antonio; Brusola Simon, Fernando; Calabuig Rodriguez, Jose Manuel; Castro Toledo, Maria Dolores; Coll Aliaga, Peregrina Eloina; Defez Garcia, Beatriz; Dunai, Larisa; Fernandez De Cordoba Castella, Pedro Jose; Ferrer Sapena, Antonia; Garcia Ruperez, Jaime; Gascon Martinez, Marina; Gimenez Lopez, Jose Luis; Gomez Collado, Maria Del Carmen; Gonzalez Del Rio Cogorno, Jimena; Gonzalez Garcia, Joaquin; Griol Barres, Amadeu; Iribarren Navarro, Cesar; Isidro San Juan, Jose Maria; Jorda Mora, Enrique; Jornet Casanova, David; Lengua Lengua, Ismael; Llopis Albert, Carlos; Magal Royo, Teresa; Martinez Abietar, Alejandro Jose; Martinez Jimenez, Felix; Morillas Gomez, Samuel; Ortiz Sotomayor, Victor Manuel; Payri Lambert, Blas Gaston; Peris Fajarnes, Guillermo; Peris Manguillot, Alfredo; Peset Mancebo, Maria Fernanda; Petrosyan, Luiza; Prats Boluda, Gema; Redondo Pastor, Francisco Javier; Rubio Sanvalero, Carlos Miguel; Sanchez Perez, Enrique Alfonso; Sanchez Perez, Juan Vicente; Sanchez Plaza, Guillermo; Sanchez-Dehesa Moreno-Cid, Jose; Sanchis Kilders, Pablo; Santiago Praderas, Victor Manuel; Tortajada Montanana, Ignacio; Ye Lin, Yiyao"
Víctor Manuel Ortiz Sotomayor;"Asensio Lopez, Vicente; Bonet Solves, Jose Antonio; Felipe Roman, Maria Josefa; Gilabert Manzanares, Iris; Martinez Jimenez, Felix; Martinez Pastor, Ana; Ortigosa Araque, Nuria; Peris Manguillot, Alfredo"
Mari Carmen Pedraza Aguilera;"Arroyo Jorda, Milagros; Arroyo Jorda, Paz; Bivia Ausina, Carles; Bonet Solves, Jose Antonio; Camp Mora, Jose Sergio; Conejero Casares, Jose Alberto; Felipe Roman, Maria Josefa; Fernandez De Cordoba Castella, Pedro Jose; Garcia Raffi, Luis Miguel; Gimenez Palomares, Fernando; Gomez Collado, Maria Del Carmen; Jorda Mora, Enrique; Jornet Casanova, David; Martinez Jimenez, Felix; Martinez Pastor, Ana; Moll Lopez, Santiago Emmanuel; Monserrat Delpalillo, Francisco Jose; Pedraza Aguilera, Maria Carmen; Perez Quiles, Maria Jezabel; Peris Manguillot, Alfredo; Sanabria Codesal, Esther; Sanchez Perez, Enrique Alfonso; Sanchis Llopis, Jose Maria; Trujillo Guillen, Macarena"
Tatiana Pedraza Aguilera;"Arroyo Jorda, Milagros; Arroyo Jorda, Paz; Bivia Ausina, Carles; Bonet Solves, Jose Antonio; Camp Mora, Jose Sergio; Conejero Casares, Jose Alberto; Felipe Roman, Maria Josefa; Fernandez De Cordoba Castella, Pedro Jose; Garcia Raffi, Luis Miguel; Gimenez Palomares, Fernando; Gomez Collado, Maria Del Carmen; Jorda Mora, Enrique; Jornet Casanova, David; Martinez Jimenez, Felix; Martinez Pastor, Ana; Moll Lopez, Santiago Emmanuel; Monserrat Delpalillo, Francisco Jose; Pedraza Aguilera, Maria Carmen; Perez Quiles, Maria Jezabel; Peris Manguillot, Alfredo; Peset Mancebo, Maria Fernanda; Rodriguez Lopez, Jesus; Sanabria Codesal, Esther; Sanchez Perez, Enrique Alfonso; Sanchis Llopis, Jose Maria; Trujillo Guillen, Macarena"
Alfred Peris Manguillot;"Agud Albesa, Lucia; Antonino Daviu, Jose Alfonso; Ariza Remacha, Hector; Asensio Lopez, Vicente; Baron Linares, Vicente; Bartoll Arnau, Salud; Bivia Ausina, Carles; Bonastre Pina, Alberto Miguel; Bonet Solves, Jose Antonio; Calabuig Rodriguez, Jose Manuel; Cano Cabanero, Andrea; Cobollo Gomez, Christian; Conchado Peiro, Andrea; Conejero Casares, Jose Alberto; Cordero Barbero, Alicia; Felipe Roman, Maria Josefa; Fernandez De Cordoba Castella, Pedro Jose; Garcia Breijo, Eduardo; Garcia Raffi, Luis Miguel; Garriga Inarejos, Rocio; Gimenez Palomares, Fernando; Gomez Collado, Maria Del Carmen; Guillem Sanchez, Maria Salud; Hernandez Romero, Ismael; Jorda Mora, Enrique; Jornet Casanova, David; Lidon Roger, Jose Vicente; Lopez Martinez, Antoni; Martinez Alzamora, Maria Nieves; Martinez Jimenez, Felix; Martinez Pastor, Ana; Martinez Perez, Marta; Mayo Nogueira, Patricia; Molina Alarcon, Miguel; Moll Lopez, Santiago Emmanuel; Monserrat Delpalillo, Francisco Jose; Moreno Lopez, Raul; Ortega Garrido, Joaquin; Ortigosa Araque, Nuria; Ortiz Sotomayor, Victor Manuel; Pedraza Aguilera, Maria Carmen; Pedraza Aguilera, Tatiana; Perez Garcia, Elias Miguel; Perez Quiles, Maria Jezabel; Pineda Sanchez, Manuel; Pons Llinares, Joan; Puche Panadero, Ruben; Ramezanzadeh, Nasrin; Riera Guasp, Martin Victor; Rodenas Escriba, Francisco De Asis; Royo Pastor, Rafael; Sanabria Codesal, Esther; Sanchez Perez, Enrique Alfonso; Sanchis Llopis, Jose Maria; Sevilla Peris, Pablo; Tomas Marquina, Daniel; Trujillo Guillen, Macarena; Vargas Moreno, Alvaro"
Fernanda Peset Mancebo;"Adelantado Mateu, Maria Eulalia; Aliaga Morell, Joan Ignasi; Arnau Notari, Andres Roger; Boni Aristizabal, Alejandra; Calabuig Rodriguez, Jose Manuel; Calabuig Tormo, Carola; Canet Centellas, Fernando Javier; Cano Escriba, Juan Carlos; Casamayor Rodenas, Juan Carlos; Clemente Marco, Jose Luis; Fernandez De Cordoba Castella, Pedro Jose; Fernandez-Baldor Martinez, Alvaro; Ferrer Sapena, Antonia; Garcia Garcia, Fernando; Garzon Farinos, Maria Fernanda; Iglesias Martinez, Miguel Enrique; Lledo Silla, Mario; Lloret Romero, Maria Nuria; Melero Fuentes, David; Munoz Garcia, Adolfo; Nachiondo Farinos, Teresa Del Montecarmelo; Ontalba Ruiperez, Jose Antonio; Orduna Malea, Enrique; Ortigosa Araque, Nuria; Pedraza Aguilera, Tatiana; Perez Lopez, Hector Julio; Petrosyan, Luiza; Rodriguez Lopez, Jesus; Sahuquillo Borras, Julio; Sanchez Del Toro, Maria Isabel; Sanchez Perez, Enrique Alfonso; Segui Mas, Elies; Tolosa Robledo, Luisa Maria; Tormo Carbo, Guillermina"
Luiza Petrosyan;"Arnau Notari, Andres Roger; Calabuig Rodriguez, Jose Manuel; Ferrer Sapena, Antonia; Garzon Farinos, Maria Fernanda; Ortigosa Araque, Nuria; Peset Mancebo, Maria Fernanda; Sanchez Perez, Enrique Alfonso"
Francisco Rodenas Escribá;"Antonino Daviu, Jose Alfonso; Ariza Remacha, Hector; Asensio Lopez, Vicente; Baron Linares, Vicente; Barrachina Celda, Teresa Maria; Bartoll Arnau, Salud; Bonastre Pina, Alberto Miguel; Cano Cabanero, Andrea; Capilla Roma, Maria Teresa; Carreno Sanchez, Amanda Maria; Cerdan Soriano, Juana Mercedes; Cobollo Gomez, Christian; Conchado Peiro, Andrea; Conejero Casares, Jose Alberto; Corral Ortega, Cristina; Gallardo Bermell, Sergio; Garcia Breijo, Eduardo; Garriga Inarejos, Rocio; Ginestar Peiro, Damian; Guillem Sanchez, Maria Salud; Hernandez Romero, Ismael; Juste Vidal, Belen Jeanine; Labarile, Antonella; Lidon Roger, Jose Vicente; Lopez Martinez, Antoni; Marin Mateos-Aparicio, Jose; Martinez Alzamora, Maria Nieves; Martinez Jimenez, Felix; Martinez Lianes, Monica; Martinez Perez, Marta; Mas Mari, Jose; Mayo Nogueira, Patricia; Miro Herrero, Rafael; Molina Alarcon, Miguel; Moreno Lopez, Raul; Ortega Garrido, Joaquin; Palomo Anaya, M Josefa; Pedroche Sanchez, Francisco; Perez Garcia, Elias Miguel; Perez Gomez, Jose Luis; Peris Manguillot, Alfredo; Pineda Sanchez, Manuel; Pons Llinares, Joan; Puche Panadero, Ruben; Ramezanzadeh, Nasrin; Riera Guasp, Martin Victor; Rodenas Escriba, Francisco De Asis; Royo Pastor, Rafael; Tomas Marquina, Daniel; Trujillo Guillen, Macarena; Vargas Moreno, Alvaro; Verdu Martin, Gumersindo Jesus; Vidal Ferrandiz, Antoni; Vidal Gimeno, Vicente Emilio"
Jesús Rodríguez López;"Alegre Gil, Maria Carmen; Garcia Raffi, Luis Miguel; Morillas Gomez, Samuel; Oltra Crespo, Sandra; Pedraza Aguilera, Tatiana; Peset Mancebo, Maria Fernanda; Rodriguez Lopez, Jesus; Sanchez Perez, Enrique Alfonso; Sapena Piera, Almanzor; Tirado Pelaez, Pedro"
Vicent Romero García;"Almerich Chulia, Ana Isabel; Camarena Femenia, Francisco; Castineira Ibanez, Sergio; Cervera Moreno, Francisco Salvador; Espinosa Rosello, Victor; Garcia Raffi, Luis Miguel; Lazaro Navarro, Mario; Museros Romero, Pedro; Pi Martin, Irene; Pico Vila, Ruben; Redondo Pastor, Francisco Javier; Roig Sala, Bernardino; Romero Garcia, Vicente; Rubio Michavila, Constanza; Sanchez Morcillo, Victor Jose; Sanchez Perez, Enrique Alfonso; Sanchez Perez, Juan Vicente; Sanchez-Dehesa Moreno-Cid, Jose; Tarrazo Serrano, Daniel"
Enrique A. Sánchez Pérez;"Agud Albesa, Lucia; Alegre Gil, Maria Carmen; Arnau Notari, Andres Roger; Bivia Ausina, Carles; Bonet Solves, Jose Antonio; Calabuig Rodriguez, Jose Manuel; Cervera Moreno, Francisco Salvador; Coll Aliaga, Peregrina Eloina; Conejero Casares, Jose Alberto; Felipe Roman, Maria Josefa; Fernandez De Cordoba Castella, Pedro Jose; Ferrer Sapena, Antonia; Garcia Raffi, Luis Miguel; Gimenez Palomares, Fernando; Gomez Collado, Maria Del Carmen; Jorda Mora, Enrique; Jornet Casanova, David; Juan Blanco, Maria Aranzazu; Lazaro Navarro, Mario; Martinez Jimenez, Felix; Martinez Pastor, Ana; Moll Lopez, Santiago Emmanuel; Monserrat Delpalillo, Francisco Jose; Oltra Crespo, Sandra; Ortigosa Araque, Nuria; Pedraza Aguilera, Maria Carmen; Pedraza Aguilera, Tatiana; Perez Penalver, Maria Jose; Perez Quiles, Maria Jezabel; Peris Manguillot, Alfredo; Peset Mancebo, Maria Fernanda; Petrosyan, Luiza; Rodriguez Lopez, Jesus; Romero Garcia, Vicente; Rubio Michavila, Constanza; Sanabria Codesal, Esther; Sanchez Del Toro, Maria Isabel; Sanchez Perez, Enrique Alfonso; Sanchez Perez, Juan Vicente; Sanchez-Dehesa Moreno-Cid, Jose; Sanchis Llopis, Jose Maria; Trujillo Guillen, Macarena"
José María Sanchis Llopis;"Bivia Ausina, Carles; Bonet Solves, Jose Antonio; Conejero Casares, Jose Alberto; Felipe Roman, Maria Josefa; Fernandez De Cordoba Castella, Pedro Jose; Garcia Raffi, Luis Miguel; Gimenez Palomares, Fernando; Gomez Collado, Maria Del Carmen; Jorda Mora, Enrique; Jornet Casanova, David; Martinez Jimenez, Felix; Martinez Pastor, Ana; Moll Lopez, Santiago Emmanuel; Monreal Mengual, Llucia; Monserrat Delpalillo, Francisco Jose; Monsoriu Serra, Juan Antonio; Pedraza Aguilera, Maria Carmen; Pedraza Aguilera, Tatiana; Perez Quiles, Maria Jezabel; Peris Manguillot, Alfredo; Sanabria Codesal, Esther; Sanchez Perez, Enrique Alfonso; Trujillo Guillen, Macarena"
Pablo Sevilla Peris;"Bonet Solves, Jose Antonio; Conejero Casares, Jose Alberto; Guirao Sanchez, Antonio Jose; Jorda Mora, Enrique; Jornet Casanova, David; Peris Manguillot, Alfredo"
Pedro Tirado Peláez;"Alegre Gil, Maria Carmen; Minana, Juan-Jose; Morillas Gomez, Samuel; Rodriguez Lopez, Jesus; Sapena Piera, Almanzor; Tirado Pelaez, Pedro"
Álvaro Vargas Moreno;"Ariza Remacha, Hector; Asensio Lopez, Vicente; Cobollo Gomez, Christian; Martinez Jimenez, Felix; Peris Manguillot, Alfredo; Ramezanzadeh, Nasrin; Rodenas Escriba, Francisco De Asis"
